file,sheet,rows,cols,missing_cells,cols_gt50pct_missing,duplicate_rows,column_names
Nkhoma_data/Data/Old Theatre Books.xlsx,Tabelle1,40,2,7,0,2,"Years, Caseload"
Nkhoma_data/Data/Theatre_Book-Database 2022 Auswertung-Arbeitsversion.xlsx,Drop Down Data,115,20,2085,19,51,"Sex, Surgeons, Anesthesist, Scrub nurse, Anesthesia, Department, ObsGyn, Pregnancy, Ortho, Fracture, Gen_Surg, Bowel_obstruction, Side, Histology, Urgency, Major/Minor, Unnamed: 16, ASA Score, Indication for Surgery, Surgery Type"
Nkhoma_data/Data/Theatre_Book-Database 2022 Auswertung-Arbeitsversion.xlsx,Main Data,3004,35,67736,23,1459,"Theatre Book #, Hospital ID #, DATE of Surgery, First Name, Last Name, Age (years), Sex, Village, Surgeon, 1st Assistent/Instructor, 2nd Assistent, Anaestesist, Nurse, Anesthesia, Department, Indication for Surgery, Surgery Type, Final Diagnosis (Category), Final Diagnosis (Free Text), Side, Main Procedure (Category), Procedure (Free Text), Histology, Sarting time, Finishing time, Urgency, Surgery severity, ASA-Score, Year of birth, Operation time (minutes), Unnamed: 30, Unnamed: 31, Unnamed: 32, Unnamed: 33, Unnamed: 34"
Nkhoma_data/Data/Theatre_Book-Database 2022 Auswertung-Arbeitsversion.xlsx,Tabelle1,13,5,1,0,0,"Month 2022, Total, Surgery, ObsGyn, Ortho"
Nkhoma_data/Data/Theatre_Book-Database 2023 Auswertung-Arbeitsversion.xlsx,Drop Down Data,115,20,2085,19,51,"Sex, Surgeons, Anesthesist, Scrub nurse, Anesthesia, Department, ObsGyn, Pregnancy, Ortho, Fracture, Gen_Surg, Bowel_obstruction, Side, Histology, Urgency, Major/Minor, Unnamed: 16, ASA Score, Indication for Surgery, Surgery Type"
Nkhoma_data/Data/Theatre_Book-Database 2023 Auswertung-Arbeitsversion.xlsx,Main Data,3494,35,72830,17,1355,"Theatre Book #, Hospital ID #, DATE of Surgery, First Name, Last Name, Age (years), Sex, Village, Surgeon, 1st Assistent/Instructor, 2nd Assistent, Anaestesist, Nurse, Anesthesia, Department, Indication for Surgery, Surgery Type, Final Diagnosis (Category), Final Diagnosis (Free Text), Side, Main Procedure (Category), Procedure (Free Text), Histology, Sarting time, Finishing time, Urgency, Surgery severity, ASA-Score, Year of birth, Operation time (minutes), Unnamed: 30, Unnamed: 31, Unnamed: 32, Unnamed: 33, Unnamed: 34"
Nkhoma_data/Data/Theatre_Book-Database 2023 Auswertung-Arbeitsversion.xlsx,Summary 01-22 - 09-23,24,5,0,0,0,"Month, TOTAL, Surgery, ObsGyn, Ortho"
Nkhoma_data/Data/Theatre_Book-Database 2023 Auswertung-Arbeitsversion.xlsx,Summary 2023,13,5,1,0,0,"Month 2023, TOTAL, Surgery, ObsGyn, Ortho"
Nkhoma_data/Data/Theatre_Book-Database 2023 Auswertung-Arbeitsversion.xlsx,Tabelle2,816,9,1711,2,128,"Anesthesia, Department, Indication for Surgery, Surgery Type, Final Diagnosis (Category), Final Diagnosis (Free Text), Side, Main Procedure (Category), Procedure (Free Text)"
Nkhoma_data/Data/Theatre_Book-Database 2024 Auswertung-Arbeitsversion.xlsx,Drop Down Data,115,20,2085,19,51,"Sex, Surgeons, Anesthesist, Scrub nurse, Anesthesia, Department, ObsGyn, Pregnancy, Ortho, Fracture, Gen_Surg, Bowel_obstruction, Side, Histology, Urgency, Major/Minor, Unnamed: 16, ASA Score, Indication for Surgery, Surgery Type"
Nkhoma_data/Data/Theatre_Book-Database 2024 Auswertung-Arbeitsversion.xlsx,Main Data,3488,35,76060,19,1355,"Theatre Book #, Hospital ID #, DATE of Surgery, First Name, Last Name, Age (years), Sex, Village, Surgeon, 1st Assistent/Instructor, 2nd Assistent, Anaestesist, Nurse, Anesthesia, Department, Indication for Surgery, Surgery Type, Final Diagnosis (Category), Final Diagnosis (Free Text), Side, Main Procedure (Category), Procedure (Free Text), Histology, Sarting time, Finishing time, Urgency, Surgery severity, ASA-Score, Year of birth, Operation time (minutes), Unnamed: 30, Unnamed: 31, Unnamed: 32, Unnamed: 33, Unnamed: 34"
Nkhoma_data/Data/Theatre_Book-Database 2024 Auswertung-Arbeitsversion.xlsx,Summary 01-22 - 09-23,24,5,48,0,0,"Month, TOTAL, Surgery, ObsGyn, Ortho"
Nkhoma_data/Data/Theatre_Book-Database 2024 Auswertung-Arbeitsversion.xlsx,Summary 2024,13,6,1,0,0,"Month 2024, TOTAL, Surgery, ObsGyn, Ortho, Control"
Nkhoma_data/Data/Theatre_Book-Database 2024 Auswertung-Arbeitsversion.xlsx,Tabelle2,816,9,1711,2,128,"Anesthesia, Department, Indication for Surgery, Surgery Type, Final Diagnosis (Category), Final Diagnosis (Free Text), Side, Main Procedure (Category), Procedure (Free Text)"
Nkhoma_data/Data/Theatre_Book-Database 2025-plain.xlsx,Drop Down Data,115,20,2081,19,51,"Sex, Surgeons, Anesthesist, Scrub nurse, Anesthesia, Department, ObsGyn, Pregnancy, Ortho, Fracture, Gen_Surg, Bowel_obstruction, Side, Histology, Urgency, Major/Minor, Unnamed: 16, ASA Score, Indication for Surgery, Surgery Type"
Nkhoma_data/Data/Theatre_Book-Database 2025-plain.xlsx,Main Data,3000,35,101992,34,0,"Theatre Book #, Hospital ID #, DATE of Surgery, First Name, Last Name, Age (years), Sex, Village, Surgeon, 1st Assistent/Instructor, 2nd Assistent, Anaestesist, Nurse, Anesthesia, Department, Indication for Surgery, Surgery Type, Final Diagnosis (Category), Final Diagnosis (Free Text), Side, Main Procedure (Category), Procedure (Free Text), Histology, Sarting time, Finishing time, Urgency, Surgery severity, ASA-Score, Year of birth, Operation time (minutes), Unnamed: 30, Unnamed: 31, Unnamed: 32, Unnamed: 33, Unnamed: 34"
Nkhoma_data/Data/Theatre_Book-Database 2025-plain_CLEANED.xlsx,Main Data,3000,1,0,0,0,Theatre Book #
Nkhoma_data/Data/Theatre_Book-Database 2025-plain_CLEANED_v2.xlsx,Main Data,3000,1,0,0,0,Theatre Book #
Nkhoma_data/Inpatient list Surgery/Inpatient list 2024.xlsx, 2024 Conf Logbook,128,7,49,0,2,"Nkhoma Hospital PAACS Conference Logbook 2024, Unnamed: 1, Unnamed: 2, Unnamed: 3, Unnamed: 4, Unnamed: 5, Unnamed: 6"
Nkhoma_data/Inpatient list Surgery/Inpatient list 2024.xlsx,2024 Discharges,1117,22,12737,11,13,"Ward, Sex, ID#, Name (first, surname), Age, DOA, Kind of Surgery, DOS1, DOS2, DOS3, DOS4+, DOC, DOD, Diagnoses, Surgeon, Resident, Important information, Plan, Phone #, Note of the day, Imaging, Labs"
Nkhoma_data/Inpatient list Surgery/Inpatient list 2024.xlsx,2024 Inpatients,8,22,145,22,4,"Ward, Sex, ID#, Name (first, surname), Age, DOA, Kind of Surgery, DOS1, DOS2, DOS3, DOS4+, DOC, DOD, Diagnoses, Surgeon, Resident, Important information, Plan, Phone #, Note of the day, Imaging, Labs"
Nkhoma_data/Inpatient list Surgery/Inpatient list 2024.xlsx,2024 M&M,71,30,839,10,1,"Ward, Sex, ID#, Name, Age, DOA, Type of Surgery, DOS 1, DOS 2, DOS 3, DOS 4+, DOC, DOD, Diagnosis, Consultant, Clinican / Resident, Important information, Plan, Phone #, Note of the day, Labs, X-rays, Complication / Cause of death, Intervention due to complication, Case Urgency, Preventable, Opportunity for improvement, Action, Complication grade, Cases Discussed on:"
Nkhoma_data/Inpatient list Surgery/Inpatient list 2024.xlsx,2024 Pathology,3,8,6,1,0,"Name, Biopsy, Provisional Dx, Date collected, Unnamed: 4, Phone #, Resident, Consultant"
Nkhoma_data/Inpatient list Surgery/Inpatient list 2024.xlsx,2024 Pending Surgery,1,18,8,8,0,"Name, Date, Age/Sex, Diagnosis, Procedure, Contact, Specialty needed, Date.1, Surgeon, Unnamed: 9, Unnamed: 10, Unnamed: 11, Unnamed: 12, Unnamed: 13, Unnamed: 14, Unnamed: 15, Unnamed: 16, Unnamed: 17"
Nkhoma_data/Inpatient list Surgery/Inpatient list 2024.xlsx,2024 Referals,0,6,0,0,0,"Date, Name, Age, Diagnosis, Referal unit, Phone number"
Nkhoma_data/Inpatient list Surgery/Inpatient list 2024.xlsx,SSI,24,22,273,11,0,"SW, M, Unnamed: 2, Yose Biliati, 53, 2024-01-06 00:00:00, Unnamed: 6, 2024-01-06 00:00:00.1, Unnamed: 8, Unnamed: 9, Unnamed: 10, Necrotic appendix tip with necrotic perforated ceacum, Vaylann, other, rt hemicolectomy with end to side anastomosis, ex lap done,has developed aki-disposition icu, Unnamed: 16, abg or renal function tomorrow morning,, Unnamed: 18, Unnamed: 19, Unnamed: 20, Unnamed: 21"
Nkhoma_data/Inpatient list Surgery/Inpatient list 2024.xlsx,Sheet12,0,0,0,0,0,
Nkhoma_data/Inpatient list Surgery/Inpatient list 2025.xlsx,2025 Conf Logbook,91,7,84,0,7,"Nkhoma Hospital PAACS Conference Logbook 2025, Unnamed: 1, Unnamed: 2, Unnamed: 3, Unnamed: 4, Unnamed: 5, Unnamed: 6"
Nkhoma_data/Inpatient list Surgery/Inpatient list 2025.xlsx,2025 Discharges,1386,22,15255,10,10,"Ward, Sex, ID#, Name (first, surname), Age, DOA, Kind of Surgery, DOS1, DOS2, DOS3, DOS4+, DOC, DOD, Diagnoses, Surgeon, Resident, Important information, Plan, Phone #, Note of the day, Imaging, Labs"
Nkhoma_data/Inpatient list Surgery/Inpatient list 2025.xlsx,2025 InPatients,36,22,752,22,20,"Ward, Sex, ID#, Name (first, surname), Age, DOA, Kind of Surgery, DOS1, DOS2, DOS3, DOS4+, DOC, DOD, Diagnoses, Surgeon, Resident, Important information, Plan, Phone #, Note of the day, Imaging, Labs"
Nkhoma_data/Inpatient list Surgery/Inpatient list 2025.xlsx,2025 M&M,62,30,982,18,1,"Ward, Sex, ID#, Name, Age, DOA, Type of Surgery, DOS 1, DOS 2, DOS 3, DOS 4+, DOC, DOD, Diagnosis, Consultant, Clinican / Resident, Important information, Plan, Phone #, Note of the day, Labs, X-rays, Complication / Cause of death, Intervention due to complication, Case Urgency, Preventable, Opportunity for improvement, Action, Complication grade, Cases Discussed on:"
Nkhoma_data/Inpatient list Surgery/Inpatient list 2025.xlsx,2025 SSI,14,22,153,11,0,"Ward, Sex, ID#, Name (first, surname), Age, DOA, Kind of Surgery, DOS1, DOS2, DOS3, DOS4+, DOC, DOD, Diagnoses, Surgeon, Resident, Important information, Plan, Phone #, Note of the day, Imaging, Labs"
Nkhoma_data/Inpatient list Surgery/Inpatient list 2025.xlsx,Print,34,9,133,2,7,"Ward, Sex, ID#, Name (first, surname), Age, DOA, Kind of Surgery, DOS1, TO DO"
Nkhoma_data/Inpatient list Surgery/Inpatients List 2021-2023.xlsx,2022 Conference Logbook,60,6,152,2,18,"Nkhoma Hospital PAACS Conference Logbook, Unnamed: 1, Unnamed: 2, Unnamed: 3, Unnamed: 4, Unnamed: 5"
Nkhoma_data/Inpatient list Surgery/Inpatients List 2021-2023.xlsx,2023 Conference Logbook,101,15,708,8,0,"Nkhoma Hospital PAACS Conference Logbook 2023, Unnamed: 1, Unnamed: 2, Unnamed: 3, Unnamed: 4, Unnamed: 5, Unnamed: 6, Unnamed: 7, Unnamed: 8, Unnamed: 9, Unnamed: 10, Unnamed: 11, Unnamed: 12, Unnamed: 13, Unnamed: 14"
Nkhoma_data/Inpatient list Surgery/Inpatients List 2021-2023.xlsx,2024 Conf Logbook,0,0,0,0,0,
Nkhoma_data/Inpatient list Surgery/Inpatients List 2021-2023.xlsx,Dischared patients,2272,33,52626,22,55,"#N/A, Sex, ID#, Name, Age, DOA, DOS1, DOS2, DOS3, DOS4+, DOC, DOD, Diagnoses, Surgeon, Resident, Important information, Plan, Contact number, Note of the Day, Labs, Imaging, Unnamed: 21, Unnamed: 22, Unnamed: 23, Unnamed: 24, Unnamed: 25, Unnamed: 26, Unnamed: 27, Unnamed: 28, Unnamed: 29, Unnamed: 30, Unnamed: 31, Unnamed: 32"
Nkhoma_data/Inpatient list Surgery/Inpatients List 2021-2023.xlsx,Inpatients,20,21,268,12,4,"Ward, Sex, ID#, Name (first, surname), Age, DOA, DOS1, DOS2, DOS3, DOS4+, DOC, DOD, Diagnoses, Surgeon, Resident, Important information, Plan, Phone #, Note of the day, Imaging, Labs"
Nkhoma_data/Inpatient list Surgery/Inpatients List 2021-2023.xlsx,M&M,110,29,1393,9,5,"Ward, Sex, ID#, Name, Age, DOA, DOS 1, DOS 2, DOS 3, DOS 4+, DOC, DOD, Diagnosis, Consultant, Clinican / Resident, Important information, Plan, Phone #, Note of the day, Labs, X-rays, Complication / Cause of death, Intervention due to complication, Case Urgency, Preventable, Opportunity for improvement, Action, Complication grade, Cases Discussed on:"
Nkhoma_data/Inpatient list Surgery/Inpatients List 2021-2023.xlsx,Patho,29,17,321,10,0,"Name, Biopsy, Provisional Dx, Date collected, Unnamed: 4, Phone #, Resident, Consultant, Unnamed: 8, Unnamed: 9, Unnamed: 10, Unnamed: 11, Unnamed: 12, Unnamed: 13, Unnamed: 14, Unnamed: 15, Unnamed: 16"
Nkhoma_data/Inpatient list Surgery/Inpatients List 2021-2023.xlsx,Pending surgery,18,9,81,3,3,"Name, Date, Age/Sex, Diagnosis, Procedure, Contact, Specialty needed, Date.1, Surgeon"
Nkhoma_data/Inpatient list Surgery/Inpatients List 2021-2023.xlsx,Referals,3,6,7,1,0,"Date, Name, Age, Diagnosis, Referal unit, Phone number"
Nkhoma_data/Inpatient list Surgery/Inpatients List 2021-2023.xlsx,SSI,7,29,109,17,0,"Ward, Sex, ID#, Name, Age, DOA, DOS 1, DOS 2, DOS 3, DOS 4+, DOC, DOD, Diagnosis, Consultant, Clinican / Resident, Important information, Plan, Phone #, Note of the day, Labs, X-rays, Complication / Cause of death, Intervention due to complication, Case Urgency, Preventable, Opportunity for process improvement, Action, Complication grade, Cases Discussed on:"
Nkhoma_data/Inpatient list Surgery/Inpatients List 2021-2023.xlsx,Sheet27,0,0,0,0,0,
Nkhoma_data/Inpatient list Surgery/Inpatients List 2021-2023.xlsx,Sheet28,0,0,0,0,0,
Nkhoma_data/Inpatient list Surgery/Inpatients List 2021-2023.xlsx,Sheet29,0,0,0,0,0,
Nkhoma_data/Inpatient list Surgery/Inpatients List 2021-2023.xlsx,Sheet30,0,0,0,0,0,
Nkhoma_data/Inpatient list Surgery/Inpatients List 2021-2023.xlsx,Sheet34,0,0,0,0,0,
Nkhoma_data/Inpatient list Surgery/Inpatients List 2021-2023.xlsx,Sheet37,0,0,0,0,0,
Nkhoma_data/Poor Patient Funds/Endoscopy Ledger/1 Worksheet Endoscopy ledger summary.xlsx,Tabelle1,71,14,482,6,3,"Endoscopy Ledger, Unnamed: 1, Unnamed: 2, Unnamed: 3, Unnamed: 4, Unnamed: 5, Unnamed: 6, Unnamed: 7, Unnamed: 8, Unnamed: 9, Unnamed: 10, Unnamed: 11, Unnamed: 12, Unnamed: 13"
Nkhoma_data/Poor Patient Funds/Endoscopy Ledger/1 Worksheet Endoscopy ledger summary.xlsx,Tabelle2,7,7,26,4,0,"Date, Patients, MWK, Donation, Spent, Remaining, Patients.1"
Nkhoma_data/Poor Patient Funds/Endoscopy Ledger/Endoscopy Ledger_ 2022-2023.xlsx,22 Aug,25,6,68,0,9,"ENDOSCOPY PATIENTS AUGUST 2022, Unnamed: 1, Unnamed: 2, Unnamed: 3, Unnamed: 4, Unnamed: 5"
Nkhoma_data/Poor Patient Funds/Endoscopy Ledger/Endoscopy Ledger_ 2022-2023.xlsx,22 Dec,13,6,44,5,5,"ENDOSCOPY PATIENTS DECEMBER 2022, Unnamed: 1, Unnamed: 2, Unnamed: 3, Unnamed: 4, Unnamed: 5"
Nkhoma_data/Poor Patient Funds/Endoscopy Ledger/Endoscopy Ledger_ 2022-2023.xlsx,22 June,25,6,103,5,15,"ENDOSCOPY PATIENTS JUNE 2022, Unnamed: 1, Unnamed: 2, Unnamed: 3, Unnamed: 4, Unnamed: 5"
Nkhoma_data/Poor Patient Funds/Endoscopy Ledger/Endoscopy Ledger_ 2022-2023.xlsx,22 May,25,6,68,0,9,"ENDOSCOPY PATIENTS MAY 2022, Unnamed: 1, Unnamed: 2, Unnamed: 3, Unnamed: 4, Unnamed: 5"
Nkhoma_data/Poor Patient Funds/Endoscopy Ledger/Endoscopy Ledger_ 2022-2023.xlsx,22 Nov,14,6,43,3,4,"ENDOSCOPY PATIENTS NOVEMBER 2022, Unnamed: 1, Unnamed: 2, Unnamed: 3, Unnamed: 4, Unnamed: 5"
Nkhoma_data/Poor Patient Funds/Endoscopy Ledger/Endoscopy Ledger_ 2022-2023.xlsx,22 Oct,12,6,44,5,5,"ENDOSCOPY PATIENTS OCTOBER 2022, Unnamed: 1, Unnamed: 2, Unnamed: 3, Unnamed: 4, Unnamed: 5"
Nkhoma_data/Poor Patient Funds/Endoscopy Ledger/Endoscopy Ledger_ 2022-2023.xlsx,22 Sept,13,6,44,5,5,"ENDOSCOPY PATIENTS SEPTEMBER 2022, Unnamed: 1, Unnamed: 2, Unnamed: 3, Unnamed: 4, Unnamed: 5"
Nkhoma_data/Poor Patient Funds/Endoscopy Ledger/Endoscopy Ledger_ 2022-2023.xlsx,23 APR,23,8,52,0,3,"Unnamed: 0, ENDOSCOPY PATIENTS APRIL 2023, Unnamed: 2, Unnamed: 3, Unnamed: 4, Unnamed: 5, Unnamed: 6, Unnamed: 7"
Nkhoma_data/Poor Patient Funds/Endoscopy Ledger/Endoscopy Ledger_ 2022-2023.xlsx,23 DEC,12,7,18,0,0,"Unnamed: 0, ENDOSCOPY PATIENTS DECEMBER 2023, Unnamed: 2, Unnamed: 3, Unnamed: 4, Unnamed: 5, Unnamed: 6"
Nkhoma_data/Poor Patient Funds/Endoscopy Ledger/Endoscopy Ledger_ 2022-2023.xlsx,23 FEB,18,8,57,1,3,"Unnamed: 0, ENDOSCOPY PATIENTS FEBRUARY 2023, Unnamed: 2, Unnamed: 3, Unnamed: 4, Unnamed: 5, Unnamed: 6, Unnamed: 7"
Nkhoma_data/Poor Patient Funds/Endoscopy Ledger/Endoscopy Ledger_ 2022-2023.xlsx,23 JAN,17,6,42,0,3,"Unnamed: 0, Unnamed: 1, Unnamed: 2, Unnamed: 3, Unnamed: 4, Unnamed: 5"
Nkhoma_data/Poor Patient Funds/Endoscopy Ledger/Endoscopy Ledger_ 2022-2023.xlsx,23 MAR,16,8,52,0,3,"Unnamed: 0, ENDOSCOPY PATIENTS MARCH 2023, Unnamed: 2, Unnamed: 3, Unnamed: 4, Unnamed: 5, Unnamed: 6, Unnamed: 7"
Nkhoma_data/Poor Patient Funds/Endoscopy Ledger/Endoscopy Ledger_ 2022-2023.xlsx,23 MAY,13,7,46,4,3,"Unnamed: 0, ENDOSCOPY PATIENTS MAY 2023, Unnamed: 2, Unnamed: 3, Unnamed: 4, Unnamed: 5, Unnamed: 6"
Nkhoma_data/Poor Patient Funds/Endoscopy Ledger/Endoscopy Ledger_ 2022-2023.xlsx,23 NOV,17,7,14,0,0,"Unnamed: 0, ENDOSCOPY PATIENTS NOVEMBER 2023, Unnamed: 2, Unnamed: 3, Unnamed: 4, Unnamed: 5, Unnamed: 6"
Nkhoma_data/Poor Patient Funds/Endoscopy Ledger/Endoscopy Ledger_ 2022-2023.xlsx,23 OCT,7,7,14,0,0,"Unnamed: 0, ENDOSCOPY PATIENTS OCTOBER 2023, Unnamed: 2, Unnamed: 3, Unnamed: 4, Unnamed: 5, Unnamed: 6"
Nkhoma_data/Poor Patient Funds/Endoscopy Ledger/Endoscopy Ledger_ 2022-2023.xlsx,23 SEPT,24,7,16,0,0,"Unnamed: 0, ENDOSCOPY PATIENTS SEPTEMBER 2023, Unnamed: 2, Unnamed: 3, Unnamed: 4, Unnamed: 5, Unnamed: 6"
Nkhoma_data/Poor Patient Funds/Endoscopy Ledger/Endoscopy Ledger_ 2022-2023.xlsx,ALL,250,7,113,0,0,"Unnamed: 0, NAME, DATE OF TREATMENT, DATE OF DISCHARGE, TOTAL BILL (MK), CO-PAY (MK), ENDOSCOPY LEDGER"
Nkhoma_data/Poor Patient Funds/Endoscopy Ledger/Endoscopy Ledger_ 2022-2023.xlsx,Endoscopy Camp 2022,55,6,22,0,0,"Unnamed: 0, ENDOSCOPY PATIENTS FROM MARCH 21 - APRIL 4 2022, Unnamed: 2, Unnamed: 3, Unnamed: 4, Unnamed: 5"
Nkhoma_data/Poor Patient Funds/Endoscopy Ledger/Endoscopy Ledger_ 2022-2023.xlsx,Endoscopy camp 2023,45,7,14,0,0,"Unnamed: 0, ENDOSCOPY PATIENTS AUGUST 2023, Unnamed: 2, Unnamed: 3, Unnamed: 4, Unnamed: 5, Unnamed: 6"
Nkhoma_data/Poor Patient Funds/Endoscopy Ledger/Endoscopy Ledger_ 2022-2023.xlsx,FEB 2024,14,5,8,0,0,"Unnamed: 0, ENDOSCOPY PATIENTS FEBRUARY 2024, Unnamed: 2, Unnamed: 3, Unnamed: 4"
Nkhoma_data/Poor Patient Funds/Endoscopy Ledger/Endoscopy Ledger_2025 until September 25.xlsx,April,26,12,73,0,1,"Unnamed: 0, Unnamed: 1, Unnamed: 2, Unnamed: 3, Unnamed: 4, Unnamed: 5, Unnamed: 6, Unnamed: 7, Unnamed: 8, Unnamed: 9, Unnamed: 10, Unnamed: 11"
Nkhoma_data/Poor Patient Funds/Endoscopy Ledger/Endoscopy Ledger_2025 until September 25.xlsx,August,34,14,115,2,1,"Unnamed: 0, Unnamed: 1, Unnamed: 2, Unnamed: 3, Unnamed: 4, Unnamed: 5, Unnamed: 6, Unnamed: 7, Unnamed: 8, Unnamed: 9, Unnamed: 10, Unnamed: 11, Unnamed: 12, Unnamed: 13"
Nkhoma_data/Poor Patient Funds/Endoscopy Ledger/Endoscopy Ledger_2025 until September 25.xlsx,February ,21,12,63,0,1,"Unnamed: 0, Unnamed: 1, Unnamed: 2, Unnamed: 3, Unnamed: 4, Unnamed: 5, Unnamed: 6, Unnamed: 7, Unnamed: 8, Unnamed: 9, Unnamed: 10, Unnamed: 11"
Nkhoma_data/Poor Patient Funds/Endoscopy Ledger/Endoscopy Ledger_2025 until September 25.xlsx,January,21,12,53,0,1,"Unnamed: 0, Unnamed: 1, Unnamed: 2, Unnamed: 3, Unnamed: 4, Unnamed: 5, Unnamed: 6, Unnamed: 7, Unnamed: 8, Unnamed: 9, Unnamed: 10, Unnamed: 11"
Nkhoma_data/Poor Patient Funds/Endoscopy Ledger/Endoscopy Ledger_2025 until September 25.xlsx,July,26,15,230,11,1,"Unnamed: 0, Unnamed: 1, Unnamed: 2, Unnamed: 3, Unnamed: 4, Unnamed: 5, Unnamed: 6, Unnamed: 7, Unnamed: 8, Unnamed: 9, Unnamed: 10, Unnamed: 11, Unnamed: 12, Unnamed: 13, Unnamed: 14"
Nkhoma_data/Poor Patient Funds/Endoscopy Ledger/Endoscopy Ledger_2025 until September 25.xlsx,June,31,14,118,2,1,"Unnamed: 0, Unnamed: 1, Unnamed: 2, Unnamed: 3, Unnamed: 4, Unnamed: 5, Unnamed: 6, Unnamed: 7, Unnamed: 8, Unnamed: 9, Unnamed: 10, Unnamed: 11, Unnamed: 12, Unnamed: 13"
Nkhoma_data/Poor Patient Funds/Endoscopy Ledger/Endoscopy Ledger_2025 until September 25.xlsx,March,26,12,53,0,1,"Unnamed: 0, Unnamed: 1, Unnamed: 2, Unnamed: 3, Unnamed: 4, Unnamed: 5, Unnamed: 6, Unnamed: 7, Unnamed: 8, Unnamed: 9, Unnamed: 10, Unnamed: 11"
Nkhoma_data/Poor Patient Funds/Endoscopy Ledger/Endoscopy Ledger_2025 until September 25.xlsx,May,26,12,93,0,1,"Unnamed: 0, Unnamed: 1, Unnamed: 2, Unnamed: 3, Unnamed: 4, Unnamed: 5, Unnamed: 6, Unnamed: 7, Unnamed: 8, Unnamed: 9, Unnamed: 10, Unnamed: 11"
Nkhoma_data/Poor Patient Funds/Endoscopy Ledger/Endoscopy Ledger_2025 until September 25.xlsx,September,35,14,220,2,2,"Unnamed: 0, Unnamed: 1, Unnamed: 2, Unnamed: 3, Unnamed: 4, Unnamed: 5, Unnamed: 6, Unnamed: 7, Unnamed: 8, Unnamed: 9, Unnamed: 10, Unnamed: 11, Unnamed: 12, Unnamed: 13"
Nkhoma_data/Poor Patient Funds/Endoscopy Ledger/Endoscopy Ledger_Consolidated 2024.xlsx,2024 FULL LIST,138,12,153,0,8,"Unnamed: 0, Unnamed: 1, CONSOLIDATED ENDOSCOPY LEDGER JULY 2024- DECEMBER 2024, Unnamed: 3, Unnamed: 4, Unnamed: 5, Unnamed: 6, Unnamed: 7, Unnamed: 8, Unnamed: 9, Unnamed: 10, Unnamed: 11"
Nkhoma_data/Poor Patient Funds/Endoscopy Ledger/Endoscopy Ledger_Consolidated 2024.xlsx,2025,0,0,0,0,0,
Nkhoma_data/Poor Patient Funds/Endoscopy Ledger/Endoscopy Ledger_Consolidated 2024.xlsx,2026,0,0,0,0,0,
Nkhoma_data/Poor Patient Funds/Mercy Fund/Mercy Fund Oct22-today.xlsx,Tabelle1,68,16,709,12,6,"EXPENDITURE, Unnamed: 1, Unnamed: 2, Unnamed: 3, Unnamed: 4, INCOME, Unnamed: 6, Unnamed: 7, Unnamed: 8, Unnamed: 9, Unnamed: 10, Unnamed: 11, Unnamed: 12, Donations Total, Spent, Donations Remaining"
Nkhoma_data/Poor Patient Funds/Mercy Fund/Mercy Fund Report- Jan-Dec 2024.xlsx,APRIL,57,16,128,0,5,"Unnamed: 0, 2024-04-01 00:00:00, Unnamed: 2, Unnamed: 3, Unnamed: 4, Unnamed: 5, Unnamed: 6, Unnamed: 7, Unnamed: 8, Unnamed: 9, Unnamed: 10, Unnamed: 11, Unnamed: 12, Unnamed: 13, Unnamed: 14, Unnamed: 15"
Nkhoma_data/Poor Patient Funds/Mercy Fund/Mercy Fund Report- Jan-Dec 2024.xlsx,AUGUST,65,16,79,0,0,"Unnamed: 0, Patient Number, Patient Name, Gender, Diagnosis, Surgery Done, Admission, Discharge, Total Bill, Patient Co-pay, If patient did not pay the minimum (K50,000), Difference - Mercyfund interim price & Hospital price, Balance, Mercyfund, 25% Discount, Invoice Number"
Nkhoma_data/Poor Patient Funds/Mercy Fund/Mercy Fund Report- Jan-Dec 2024.xlsx,CONSOLIDATED,505,16,301,0,1,"Unnamed: 0, Unnamed: 1, JANUARY TO DECEMBER 2024, Unnamed: 3, FULL LIST, Unnamed: 5, Unnamed: 6, Unnamed: 7, Unnamed: 8, Unnamed: 9, Unnamed: 10, Unnamed: 11, Unnamed: 12, Unnamed: 13, Unnamed: 14, Unnamed: 15"
Nkhoma_data/Poor Patient Funds/Mercy Fund/Mercy Fund Report- Jan-Dec 2024.xlsx,DECEMBER,34,16,82,0,2,"Unnamed: 0, Patient Number, Patient Name, Gender, Diagnosis, Surgery Done, Admission, Discharge, Total Bill, Patient Co-pay, If patient did not pay the minimum (K50,000), Difference - Mercyfund interim price & Hospital price, Balance, Mercyfund, 25% Discount, Invoice Number"
Nkhoma_data/Poor Patient Funds/Mercy Fund/Mercy Fund Report- Jan-Dec 2024.xlsx,FEBRUARY,40,16,98,1,1,"Unnamed: 0, Patient Number, Patient Name, Gender, Diagnosis, Surgery Done, Admission, Discharge, Total Bill, Patient Co-pay, If patient did not pay the minimum (K50,000), Difference - Mercyfund interim price & Hospital price, Balance, Mercyfund, 25% Discount, Invoice Number"
Nkhoma_data/Poor Patient Funds/Mercy Fund/Mercy Fund Report- Jan-Dec 2024.xlsx,JANUARY,30,16,46,0,0,"Unnamed: 0, Patient Number, Patient Name, Gender, Diagnosis, Surgery Done, Admission, Discharge, Total Bill, Patient Co-pay, If patient did not pay the minimum (K50,000), Difference - Mercyfund interim price & Hospital price, Balance, Mercyfund, 25% Discount, Invoice Number"
Nkhoma_data/Poor Patient Funds/Mercy Fund/Mercy Fund Report- Jan-Dec 2024.xlsx,JULY,65,16,125,0,2,"Unnamed: 0, Unnamed: 1, Unnamed: 2, Unnamed: 3, Unnamed: 4, Unnamed: 5, Unnamed: 6, Unnamed: 7, Unnamed: 8, Unnamed: 9, Unnamed: 10, Unnamed: 11, Unnamed: 12, Unnamed: 13, Unnamed: 14, Unnamed: 15"
Nkhoma_data/Poor Patient Funds/Mercy Fund/Mercy Fund Report- Jan-Dec 2024.xlsx,JUNE,58,16,123,0,5,"Unnamed: 0, 2024-06-01 00:00:00, Unnamed: 2, Unnamed: 3, Unnamed: 4, Unnamed: 5, Unnamed: 6, Unnamed: 7, Unnamed: 8, Unnamed: 9, Unnamed: 10, Unnamed: 11, Unnamed: 12, Unnamed: 13, Unnamed: 14, Unnamed: 15"
Nkhoma_data/Poor Patient Funds/Mercy Fund/Mercy Fund Report- Jan-Dec 2024.xlsx,MARCH,22,16,89,3,0,"Unnamed: 0, Patient Number, Patient Name, Gender, Diagnosis, Surgery Done, Admission, Discharge, Total Bill, Patient Co-pay, If patient did not pay the minimum (K50,000), Difference - Mercyfund interim price & Hospital price, Balance, Mercyfund, 25% Discount, Invoice Number"
Nkhoma_data/Poor Patient Funds/Mercy Fund/Mercy Fund Report- Jan-Dec 2024.xlsx,MAY,45,16,66,0,1,"Unnamed: 0, 2024-05-01 00:00:00, Unnamed: 2, Unnamed: 3, Unnamed: 4, Unnamed: 5, Unnamed: 6, Unnamed: 7, Unnamed: 8, Unnamed: 9, Unnamed: 10, Unnamed: 11, Unnamed: 12, Unnamed: 13, Unnamed: 14, Unnamed: 15"
Nkhoma_data/Poor Patient Funds/Mercy Fund/Mercy Fund Report- Jan-Dec 2024.xlsx,NOVEMBER,39,16,49,0,0,"Unnamed: 0, Patient Number, Patient Name, Gender, Diagnosis, Surgery Done, Admission, Discharge, Total Bill, Patient Co-pay, If patient did not pay the minimum (K50,000), Difference - Mercyfund interim price & Hospital price, Balance, Mercy Fund, 25% Discount, Invoice Number"
Nkhoma_data/Poor Patient Funds/Mercy Fund/Mercy Fund Report- Jan-Dec 2024.xlsx,OCTOBER,41,16,40,0,0,"Unnamed: 0, Patient Number, Patient Name, Gender, Diagnosis, Surgery Done, Admission, Discharge, Total Bill, Patient Co-pay, If patient did not pay the minimum (K50,000), Difference - Mercyfund interim price & Hospital price, Balance, Mercyfund, 25% Discount, Invoice Number"
Nkhoma_data/Poor Patient Funds/Mercy Fund/Mercy Fund Report- Jan-Dec 2024.xlsx,SEPTEMBER,60,16,39,0,0,"Unnamed: 0, Patient Number, Patient Name, Gender, Diagnosis, Surgery Done, Admission, Discharge, Total Bill, Patient Co-pay, If patient did not pay the minimum (K50,000), Difference - Mercyfund interim price & Hospital price, Balance, Mercyfund, 25% Discount, Invoice Number"
Nkhoma_data/Poor Patient Funds/Mercy Fund/Mercy Fund Report- Jan-Dec 2025 10.11.25.xlsx,APRIL,67,16,73,0,0,"Unnamed: 0, 2024-04-01 00:00:00, Unnamed: 2, Unnamed: 3, Unnamed: 4, Unnamed: 5, Unnamed: 6, Unnamed: 7, Unnamed: 8, Unnamed: 9, Unnamed: 10, Unnamed: 11, Unnamed: 12, Unnamed: 13, Unnamed: 14, Unnamed: 15"
Nkhoma_data/Poor Patient Funds/Mercy Fund/Mercy Fund Report- Jan-Dec 2025 10.11.25.xlsx,AUGUST,43,16,101,1,0,"Unnamed: 0, Patient Number, Patient Name, Gender, Diagnosis, Surgery Done, Admission, Discharge, Total Bill, Moz bill (As proposed by Dr Widmann), Patient Co-pay, Unrecovered Funds due to changed Moz bill, Balance, Mercyfund, 25% Discount, Invoice Number"
Nkhoma_data/Poor Patient Funds/Mercy Fund/Mercy Fund Report- Jan-Dec 2025 10.11.25.xlsx,CONSOLIDATED,505,16,301,0,1,"Unnamed: 0, Unnamed: 1, JANUARY TO DECEMBER 2024, Unnamed: 3, FULL LIST, Unnamed: 5, Unnamed: 6, Unnamed: 7, Unnamed: 8, Unnamed: 9, Unnamed: 10, Unnamed: 11, Unnamed: 12, Unnamed: 13, Unnamed: 14, Unnamed: 15"
Nkhoma_data/Poor Patient Funds/Mercy Fund/Mercy Fund Report- Jan-Dec 2025 10.11.25.xlsx,DECEMBER,34,16,507,15,3,"Unnamed: 0, Patient Number, Patient Name, Gender, Diagnosis, Surgery Done, Admission, Discharge, Total Bill, Patient Co-pay, If patient did not pay the minimum (K50,000), Difference - Mercyfund interim price & Hospital price, Balance, Mercyfund, 25% Discount, Invoice Number"
Nkhoma_data/Poor Patient Funds/Mercy Fund/Mercy Fund Report- Jan-Dec 2025 10.11.25.xlsx,FEBRUARY,47,16,46,0,0,"Unnamed: 0, Patient Number, Patient Name, Gender, Diagnosis, Surgery Done, Admission, Discharge, Total Bill, Patient Co-pay, If patient did not pay the minimum (K50,000), Difference - Mercyfund interim price & Hospital price, Balance, Mercyfund, 25% Discount, Invoice Number"
Nkhoma_data/Poor Patient Funds/Mercy Fund/Mercy Fund Report- Jan-Dec 2025 10.11.25.xlsx,JANUARY,31,16,58,0,0,"Unnamed: 0, Patient Number, Patient Name, Gender, Diagnosis, Surgery Done, Admission, Discharge, Total Bill, Patient Co-pay, If patient did not pay the minimum (K50,000), Difference - Mercyfund interim price & Hospital price, Balance, Mercyfund, 25% Discount, Invoice Number"
Nkhoma_data/Poor Patient Funds/Mercy Fund/Mercy Fund Report- Jan-Dec 2025 10.11.25.xlsx,JULY,69,16,158,0,4,"Unnamed: 0, Patient Number, Patient Name, Gender, Diagnosis, Surgery Done, Admission, Discharge, Total Bill, Patient Co-pay, If patient did not pay the minimum (K50,000), Difference - Mercyfund interim price & Hospital price, Balance, Mercyfund, 25% Discount, Invoice Number"
Nkhoma_data/Poor Patient Funds/Mercy Fund/Mercy Fund Report- Jan-Dec 2025 10.11.25.xlsx,JUNE,63,16,148,0,3,"Unnamed: 0, 2024-06-01 00:00:00, Unnamed: 2, Unnamed: 3, Unnamed: 4, Unnamed: 5, Unnamed: 6, Unnamed: 7, Unnamed: 8, Unnamed: 9, Unnamed: 10, Unnamed: 11, Unnamed: 12, Unnamed: 13, Unnamed: 14, Unnamed: 15"
Nkhoma_data/Poor Patient Funds/Mercy Fund/Mercy Fund Report- Jan-Dec 2025 10.11.25.xlsx,MARCH,66,16,210,3,1,"Unnamed: 0, Patient Number, Patient Name, Gender, Diagnosis, Surgery Done, Admission, Discharge, Total Bill, Patient Co-pay, If patient did not pay the minimum (K50,000), Difference - Mercyfund interim price & Hospital price, Balance, Mercyfund, 25% Discount, Invoice Number"
Nkhoma_data/Poor Patient Funds/Mercy Fund/Mercy Fund Report- Jan-Dec 2025 10.11.25.xlsx,MAY,72,15,194,1,3,"Unnamed: 0, 2024-05-01 00:00:00, Unnamed: 2, Unnamed: 3, Unnamed: 4, Unnamed: 5, Unnamed: 6, Unnamed: 7, Unnamed: 8, Unnamed: 9, Unnamed: 10, Unnamed: 11, Unnamed: 12, Unnamed: 13, Unnamed: 14"
Nkhoma_data/Poor Patient Funds/Mercy Fund/Mercy Fund Report- Jan-Dec 2025 10.11.25.xlsx,NOVEMBER,39,16,579,15,0,"Unnamed: 0, Patient Number, Patient Name, Gender, Diagnosis, Surgery Done, Admission, Discharge, Total Bill, Patient Co-pay, If patient did not pay the minimum (K50,000), Difference - Mercyfund interim price & Hospital price, Balance, Mercy Fund, 25% Discount, Invoice Number"
Nkhoma_data/Poor Patient Funds/Mercy Fund/Mercy Fund Report- Jan-Dec 2025 10.11.25.xlsx,OCTOBER,41,16,403,10,0,"Unnamed: 0, Patient Number, Patient Name, Gender, Diagnosis, Surgery Done, Admission, Discharge, Total Bill, Patient Co-pay, If patient did not pay the minimum (K50,000), Difference - Mercyfund interim price & Hospital price, Balance, Mercyfund, 25% Discount, Invoice Number"
Nkhoma_data/Poor Patient Funds/Mercy Fund/Mercy Fund Report- Jan-Dec 2025 10.11.25.xlsx,SEPTEMBER,60,16,139,0,0,"Unnamed: 0, Patient Number, Patient Name, Gender, Diagnosis, Surgery Done, Admission, Discharge, Total Bill, Patient Co-pay, If patient did not pay the minimum (K50,000), Difference - Mercyfund interim price & Hospital price, Balance, Mercyfund, 25% Discount, Invoice Number"
Nkhoma_data/Poor Patient Funds/Mercy Fund/SURGICAL MERCY FUND ALL until Dez 2023.xlsx,AUGUST 2023,45,6,12,0,0,"Unnamed: 0, SURGICAL MERCY FUND - AUGUST 2023, Unnamed: 2, Unnamed: 3, Unnamed: 4, Unnamed: 5"
Nkhoma_data/Poor Patient Funds/Mercy Fund/SURGICAL MERCY FUND ALL until Dez 2023.xlsx,All,341,13,239,0,0,"Unnamed: 0, SURGICAL MERCY FUND 2022-2023, Unnamed: 2, Unnamed: 3, Unnamed: 4, Unnamed: 5, Unnamed: 6, Unnamed: 7, Unnamed: 8, Unnamed: 9, Unnamed: 10, Unnamed: 11, Unnamed: 12"
Nkhoma_data/Poor Patient Funds/Mercy Fund/SURGICAL MERCY FUND ALL until Dez 2023.xlsx,April 2023,23,6,21,0,1,"Unnamed: 0, SURGICAL MERCY FUND -APRIL 2023, Unnamed: 2, Unnamed: 3, Unnamed: 4, Unnamed: 5"
Nkhoma_data/Poor Patient Funds/Mercy Fund/SURGICAL MERCY FUND ALL until Dez 2023.xlsx,DECEMBER,41,6,14,0,0,"Unnamed: 0, SURGICAL MERCY FUND - DECEMBER 2023, Unnamed: 2, Unnamed: 3, Unnamed: 4, Unnamed: 5"
Nkhoma_data/Poor Patient Funds/Mercy Fund/SURGICAL MERCY FUND ALL until Dez 2023.xlsx,December 2022,12,7,66,7,6,"Unnamed: 0, SURGICAL MERCY FUND - DECEMBER 2022, Unnamed: 2, Unnamed: 3, Unnamed: 4, Unnamed: 5, Unnamed: 6"
Nkhoma_data/Poor Patient Funds/Mercy Fund/SURGICAL MERCY FUND ALL until Dez 2023.xlsx,February 2023,19,6,56,3,6,"Unnamed: 0, SURGICAL MERCY FUND -FEBRUARY 2023, Unnamed: 2, Unnamed: 3, Unnamed: 4, Unnamed: 5"
Nkhoma_data/Poor Patient Funds/Mercy Fund/SURGICAL MERCY FUND ALL until Dez 2023.xlsx,JULY 2023,50,6,17,0,0,"Unnamed: 0, SURGICAL MERCY FUND - JULY 2023, Unnamed: 2, Unnamed: 3, Unnamed: 4, Unnamed: 5"
Nkhoma_data/Poor Patient Funds/Mercy Fund/SURGICAL MERCY FUND ALL until Dez 2023.xlsx,JUNE 2023,41,6,14,0,0,"Unnamed: 0, SURGICAL MERCY FUND - JUNE 2023, Unnamed: 2, Unnamed: 3, Unnamed: 4, Unnamed: 5"
Nkhoma_data/Poor Patient Funds/Mercy Fund/SURGICAL MERCY FUND ALL until Dez 2023.xlsx,January 2023,14,6,56,5,6,"Unnamed: 0, SURGICAL MERCY FUND - JANUARY 2023, Unnamed: 2, Unnamed: 3, Unnamed: 4, Unnamed: 5"
Nkhoma_data/Poor Patient Funds/Mercy Fund/SURGICAL MERCY FUND ALL until Dez 2023.xlsx,March 2023,26,6,43,0,4,"Unnamed: 0, SURGICAL MERCY FUND -MARCH 2023, Unnamed: 2, Unnamed: 3, Unnamed: 4, Unnamed: 5"
Nkhoma_data/Poor Patient Funds/Mercy Fund/SURGICAL MERCY FUND ALL until Dez 2023.xlsx,May 2023,37,6,13,0,0,"Unnamed: 0, SURGICAL MERCY FUND - MAY 2023, Unnamed: 2, Unnamed: 3, Unnamed: 4, Unnamed: 5"
Nkhoma_data/Poor Patient Funds/Mercy Fund/SURGICAL MERCY FUND ALL until Dez 2023.xlsx,NOVEMBER 2023,25,6,12,0,0,"Unnamed: 0, SURGICAL MERCY FUND - NOVEMBER 2023, Unnamed: 2, Unnamed: 3, Unnamed: 4, Unnamed: 5"
Nkhoma_data/Poor Patient Funds/Mercy Fund/SURGICAL MERCY FUND ALL until Dez 2023.xlsx,November 2022,12,7,66,7,6,"Unnamed: 0, SURGICAL MERCY FUND - NOVEMBER 2022, Unnamed: 2, Unnamed: 3, Unnamed: 4, Unnamed: 5, Unnamed: 6"
Nkhoma_data/Poor Patient Funds/Mercy Fund/SURGICAL MERCY FUND ALL until Dez 2023.xlsx,OCTOBER 2023,38,6,14,0,0,"Unnamed: 0, SURGICAL MERCY FUND - OCTOBER 2023, Unnamed: 2, Unnamed: 3, Unnamed: 4, Unnamed: 5"
Nkhoma_data/Poor Patient Funds/Mercy Fund/SURGICAL MERCY FUND ALL until Dez 2023.xlsx,October 2022,15,7,66,7,6,"Unnamed: 0, SURGICAL MERCY FUND - OCTOBER 2022, Unnamed: 2, Unnamed: 3, Unnamed: 4, Unnamed: 5, Unnamed: 6"
Nkhoma_data/Poor Patient Funds/Mercy Fund/SURGICAL MERCY FUND ALL until Dez 2023.xlsx,SEPTEMBER 2023,34,6,12,0,0,"Unnamed: 0, SURGICAL MERCY FUND - SEPTEMBER 2023, Unnamed: 2, Unnamed: 3, Unnamed: 4, Unnamed: 5"
Nkhoma_data/Poor Patient Funds/Mercy Fund/SURGICAL MERCY FUND ALL until Dez 2023.xlsx,Workout,165,9,223,0,5,"Unnamed: 0, Name, Total Bill, Patient copay, If patient did not pay the minimum, Amount to be charged, 75% to be charged to Mercy Fund, Total Mercy Fund, 25% poor patient discount"
Nkhoma_data/Poor Patient Funds/SAFE/Master SAFE Patient Spreadsheet 2024_Nkhoma Hospital.xlsx,Sheet1,187,35,771,3,0,"Unnamed: 0, Justina Yona, 372076, Contingency, Unnamed: 4, 1763, 2023-01-12 00:00:00, 2023-01-18 00:00:00, Approved, 54, Female, Cervical cancer, Total abdominal hysterectomy, OBGYN surgery, No, Elective, N/A, Yona Cham'bwinja - Husband, +265 983 429 578, Final, 2024-02-01 00:00:00, 1, Paid, 375424, Nkhoma Cont/02/2024, 619, 1083869, 413200, No.1, 50000, 670669, 235.97944031981726, 383.02055968018277, 0.618773117415481, Unnamed: 34"
Nkhoma_data/Poor Patient Funds/SAFE/SAFE 2023 REPORT.xlsx,SAFE Patients 2023,223,7,298,0,13,"Unnamed: 0, Extra Funding, Unnamed: 2, Unnamed: 3, Unnamed: 4, Unnamed: 5, 35000"
Nkhoma_data/Poor Patient Funds/SAFE/SAFE 2023 REPORT.xlsx,Summary,130,2,108,0,55,"SUMMARY, Unnamed: 1"
Nkhoma_data/Poor Patient Funds/SAFE/SAFE Program 2022.xlsx,ALL,83,6,20,0,0,"Name, Age, Gender, Condition, Surgery, SAFE Ask"
Nkhoma_data/Poor Patient Funds/SAFE/SAFE Program 2022.xlsx,GENERAL,56,6,8,0,0,"Name, Age, Gender, Condition, Surgery, SAFE Ask"
Nkhoma_data/Poor Patient Funds/SAFE/SAFE Program 2022.xlsx,ORTHOPAEDIC,26,6,8,0,0,"Name, Age, Gender, Condition, Surgery, SAFE Ask"
Nkhoma_data/Poor Patient Funds/SAFE/SAFE Program 2022.xlsx,SUMMARY,14,3,3,0,0,"SUMMARY, Unnamed: 1, Unnamed: 2"
